polygon,keywords,type
119.676716,30.207478|119.842004,30.403784;119.989757,30.403784|120.339306,30.453608|120.469812,30.187251|120.021952,29.985754#咖啡厅#050500